,Name,Year,Disaster New Displacements,latitude,longitude
0,Afghanistan,2008,3400,33.7680065,66.2385139
1,Afghanistan,2009,28000,33.7680065,66.2385139
2,Afghanistan,2010,71000,33.7680065,66.2385139
3,Afghanistan,2011,3000,33.7680065,66.2385139
4,Afghanistan,2012,30000,33.7680065,66.2385139
5,Afghanistan,2013,15000,33.7680065,66.2385139
6,Afghanistan,2014,13000,33.7680065,66.2385139
7,Afghanistan,2015,71000,33.7680065,66.2385139
8,Afghanistan,2016,7400,33.7680065,66.2385139
9,Afghanistan,2017,27000,33.7680065,66.2385139
10,Angola,2009,86000,-11.8775768,17.5691241
11,Angola,2010,79000,-11.8775768,17.5691241
12,Angola,2011,227000,-11.8775768,17.5691241
13,Angola,2012,6400,-11.8775768,17.5691241
14,Angola,2013,2500,-11.8775768,17.5691241
15,Angola,2015,5600,-11.8775768,17.5691241
16,Angola,2016,19000,-11.8775768,17.5691241
17,Angola,2017,14000,-11.8775768,17.5691241
18,Anguilla,2017,500,18.1954947,-63.0750234
19,Albania,2009,150,41.000028,19.9999619
20,Albania,2010,678,41.000028,19.9999619
21,Albania,2012,76,41.000028,19.9999619
22,Albania,2013,450,41.000028,19.9999619
23,Albania,2014,24,41.000028,19.9999619
24,Albania,2015,4200,41.000028,19.9999619
25,Albania,2016,3100,41.000028,19.9999619
26,Albania,2017,3500,41.000028,19.9999619
27,United Arab Emirates,2017,850,24.0002488,53.9994829
28,Argentina,2008,640,-34.9964963,-64.9672817
29,Argentina,2009,640,-34.9964963,-64.9672817
30,Argentina,2010,640,-34.9964963,-64.9672817
31,Argentina,2011,640,-34.9964963,-64.9672817
32,Argentina,2012,2000,-34.9964963,-64.9672817
33,Argentina,2013,6900,-34.9964963,-64.9672817
34,Argentina,2014,32000,-34.9964963,-64.9672817
35,Argentina,2015,36000,-34.9964963,-64.9672817
36,Argentina,2016,12000,-34.9964963,-64.9672817
37,Argentina,2017,27000,-34.9964963,-64.9672817
38,Armenia,2009,80,40.7696272,44.6736646
39,Armenia,2010,80,40.7696272,44.6736646
40,Armenia,2011,80,40.7696272,44.6736646
41,Armenia,2012,80,40.7696272,44.6736646
42,Armenia,2013,80,40.7696272,44.6736646
43,Armenia,2014,80,40.7696272,44.6736646
44,Armenia,2015,80,40.7696272,44.6736646
45,Armenia,2016,80,40.7696272,44.6736646
46,Armenia,2017,80,40.7696272,44.6736646
47,American Samoa,2009,80,-14.30063095,-170.6959748
48,Antigua and Barbuda,2008,45,17.079128,-61.8222516
49,Antigua and Barbuda,2010,43,17.079128,-61.8222516
50,Antigua and Barbuda,2017,1400,17.079128,-61.8222516
51,Australia,2008,1000,-24.7761086,134.755
52,Australia,2009,7500,-24.7761086,134.755
53,Australia,2010,1000,-24.7761086,134.755
54,Australia,2011,10000,-24.7761086,134.755
55,Australia,2012,16000,-24.7761086,134.755
56,Australia,2013,13000,-24.7761086,134.755
57,Australia,2014,1200,-24.7761086,134.755
58,Australia,2015,5700,-24.7761086,134.755
59,Australia,2016,3200,-24.7761086,134.755
60,Australia,2017,31000,-24.7761086,134.755
61,Austria,2008,43,47.2000338,13.199959
62,Austria,2013,1000,47.2000338,13.199959
63,Austria,2016,250,47.2000338,13.199959
64,Azerbaijan,2009,200,40.3936294,47.7872508
65,Azerbaijan,2010,32000,40.3936294,47.7872508
66,Azerbaijan,2011,34,40.3936294,47.7872508
67,Azerbaijan,2012,36000,40.3936294,47.7872508
68,Azerbaijan,2013,,40.3936294,47.7872508
69,Azerbaijan,2014,,40.3936294,47.7872508
70,Azerbaijan,2015,,40.3936294,47.7872508
71,Azerbaijan,2016,,40.3936294,47.7872508
72,Azerbaijan,2017,,40.3936294,47.7872508
73,Burundi,2008,2800,-3.3634357,29.8870575
74,Burundi,2009,,-3.3634357,29.8870575
75,Burundi,2010,1500,-3.3634357,29.8870575
76,Burundi,2011,,-3.3634357,29.8870575
77,Burundi,2012,,-3.3634357,29.8870575
78,Burundi,2013,,-3.3634357,29.8870575
79,Burundi,2014,13000,-3.3634357,29.8870575
80,Burundi,2015,3100,-3.3634357,29.8870575
81,Burundi,2016,6600,-3.3634357,29.8870575
82,Burundi,2017,11000,-3.3634357,29.8870575
83,Belgium,2008,,50.6402809,4.6667145
84,Belgium,2010,,50.6402809,4.6667145
85,Belgium,2011,,50.6402809,4.6667145
86,Benin,2008,150000,9.5293472,2.2584408
87,Benin,2009,40000,9.5293472,2.2584408
88,Benin,2010,275000,9.5293472,2.2584408
89,Benin,2011,,9.5293472,2.2584408
90,Benin,2012,10000,9.5293472,2.2584408
91,Benin,2013,15000,9.5293472,2.2584408
92,Benin,2016,960,9.5293472,2.2584408
93,Benin,2017,3500,9.5293472,2.2584408
94,Burkina Faso,2008,28000,12.0753083,-1.6880314
95,Burkina Faso,2009,150000,12.0753083,-1.6880314
96,Burkina Faso,2010,20000,12.0753083,-1.6880314
97,Burkina Faso,2013,1800,12.0753083,-1.6880314
98,Burkina Faso,2015,3700,12.0753083,-1.6880314
99,Burkina Faso,2016,18000,12.0753083,-1.6880314
100,Burkina Faso,2017,8200,12.0753083,-1.6880314
101,Bangladesh,2008,61000,24.4768598,90.2932299
102,Bangladesh,2009,1342000,24.4768598,90.2932299
103,Bangladesh,2010,569000,24.4768598,90.2932299
104,Bangladesh,2011,400000,24.4768598,90.2932299
105,Bangladesh,2012,651000,24.4768598,90.2932299
106,Bangladesh,2013,1160000,24.4768598,90.2932299
107,Bangladesh,2014,543000,24.4768598,90.2932299
108,Bangladesh,2015,531000,24.4768598,90.2932299
109,Bangladesh,2016,614000,24.4768598,90.2932299
110,Bangladesh,2017,946000,24.4768598,90.2932299
111,Bulgaria,2008,,42.6073975,25.4856617
112,Bulgaria,2010,,42.6073975,25.4856617
113,Bulgaria,2012,2100,42.6073975,25.4856617
114,Bulgaria,2014,2300,42.6073975,25.4856617
115,Bulgaria,2015,820,42.6073975,25.4856617
116,Bulgaria,2016,24,42.6073975,25.4856617
117,Bulgaria,2017,22,42.6073975,25.4856617
118,"Bahamas, The",2008,500,24.7736546,-78.0000547
119,"Bahamas, The",2011,,24.7736546,-78.0000547
120,"Bahamas, The",2015,2800,24.7736546,-78.0000547
121,"Bahamas, The",2016,3500,24.7736546,-78.0000547
122,"Bahamas, The",2017,1600,24.7736546,-78.0000547
123,Bosnia and Herzegovina,2009,,44.3053476,17.5961467
124,Bosnia and Herzegovina,2010,,44.3053476,17.5961467
125,Bosnia and Herzegovina,2011,,44.3053476,17.5961467
126,Bosnia and Herzegovina,2012,,44.3053476,17.5961467
127,Bosnia and Herzegovina,2013,,44.3053476,17.5961467
128,Bosnia and Herzegovina,2014,91000,44.3053476,17.5961467
129,Bosnia and Herzegovina,2015,320,44.3053476,17.5961467
130,Bosnia and Herzegovina,2016,,44.3053476,17.5961467
131,Bosnia and Herzegovina,2017,,44.3053476,17.5961467
132,Belize,2008,400,16.8259793,-88.7600927
133,Belize,2013,130,16.8259793,-88.7600927
134,Belize,2015,250,16.8259793,-88.7600927
135,Belize,2016,3500,16.8259793,-88.7600927
136,Bolivia,2008,,-17.0568696,-64.9912286
137,Bolivia,2009,630,-17.0568696,-64.9912286
138,Bolivia,2010,100000,-17.0568696,-64.9912286
139,Bolivia,2011,11000,-17.0568696,-64.9912286
140,Bolivia,2012,9000,-17.0568696,-64.9912286
141,Bolivia,2013,4700,-17.0568696,-64.9912286
142,Bolivia,2014,190000,-17.0568696,-64.9912286
143,Bolivia,2015,11000,-17.0568696,-64.9912286
144,Bolivia,2016,7000,-17.0568696,-64.9912286
145,Bolivia,2017,3100,-17.0568696,-64.9912286
146,Brazil,2008,309000,-10.3333333,-53.2
147,Brazil,2009,523000,-10.3333333,-53.2
148,Brazil,2010,230000,-10.3333333,-53.2
149,Brazil,2011,170000,-10.3333333,-53.2
150,Brazil,2012,35000,-10.3333333,-53.2
151,Brazil,2013,82000,-10.3333333,-53.2
152,Brazil,2014,150000,-10.3333333,-53.2
153,Brazil,2015,59000,-10.3333333,-53.2
154,Brazil,2016,14000,-10.3333333,-53.2
155,Brazil,2017,71000,-10.3333333,-53.2
156,Barbados,2010,,13.1500331,-59.5250305
157,Barbados,2016,90,13.1500331,-59.5250305
158,Brunei Darussalam,2014,51,4.4137155,114.5653908
159,Brunei Darussalam,2017,94,4.4137155,114.5653908
160,Bhutan,2009,,27.549511,90.5119273
161,Bhutan,2011,20000,27.549511,90.5119273
162,Bhutan,2015,2900,27.549511,90.5119273
163,Bhutan,2016,690,27.549511,90.5119273
164,Botswana,2009,870,-23.1681782,24.5928742
165,Botswana,2011,,-23.1681782,24.5928742
166,Botswana,2013,1200,-23.1681782,24.5928742
167,Botswana,2014,2000,-23.1681782,24.5928742
168,Botswana,2015,250,-23.1681782,24.5928742
169,Botswana,2017,2000,-23.1681782,24.5928742
170,Central African Republic,2008,14000,25.2183959,55.17523858
171,Central African Republic,2009,15000,25.2183959,55.17523858
172,Central African Republic,2010,,25.2183959,55.17523858
173,Central African Republic,2011,,25.2183959,55.17523858
174,Central African Republic,2012,18000,25.2183959,55.17523858
175,Central African Republic,2013,14000,25.2183959,55.17523858
176,Central African Republic,2014,940,25.2183959,55.17523858
177,Central African Republic,2015,1100,25.2183959,55.17523858
178,Central African Republic,2016,7500,25.2183959,55.17523858
179,Central African Republic,2017,2900,25.2183959,55.17523858
180,Canada,2008,2000,61.0666922,-107.9917071
181,Canada,2009,,61.0666922,-107.9917071
182,Canada,2011,,61.0666922,-107.9917071
183,Canada,2013,120000,61.0666922,-107.9917071
184,Canada,2014,5800,61.0666922,-107.9917071
185,Canada,2015,13000,61.0666922,-107.9917071
186,Canada,2016,93000,61.0666922,-107.9917071
187,Canada,2017,85000,61.0666922,-107.9917071
188,Switzerland,2011,,46.7985624,8.2319736
189,Switzerland,2013,13,46.7985624,8.2319736
190,Switzerland,2015,360,46.7985624,8.2319736
191,Switzerland,2017,160,46.7985624,8.2319736
192,Chile,2008,43000,-31.7613365,-71.3187697
193,Chile,2009,700,-31.7613365,-71.3187697
194,Chile,2010,2000000,-31.7613365,-71.3187697
195,Chile,2011,4000,-31.7613365,-71.3187697
196,Chile,2012,7300,-31.7613365,-71.3187697
197,Chile,2013,3600,-31.7613365,-71.3187697
198,Chile,2014,985000,-31.7613365,-71.3187697
199,Chile,2015,1047000,-31.7613365,-71.3187697
200,Chile,2016,16000,-31.7613365,-71.3187697
201,Chile,2017,8300,-31.7613365,-71.3187697
202,China,2008,18660000,35.000074,104.999927
203,China,2009,4031000,35.000074,104.999927
204,China,2010,15920000,35.000074,104.999927
205,China,2011,4490000,35.000074,104.999927
206,China,2012,5731000,35.000074,104.999927
207,China,2013,5924000,35.000074,104.999927
208,China,2014,3612000,35.000074,104.999927
209,China,2015,3602000,35.000074,104.999927
210,China,2016,7434000,35.000074,104.999927
211,China,2017,4473000,35.000074,104.999927
212,Colombia,2008,63000,2.8894434,-73.783892
213,Colombia,2009,9100,2.8894434,-73.783892
214,Colombia,2010,3000000,2.8894434,-73.783892
215,Colombia,2011,149000,2.8894434,-73.783892
216,Colombia,2012,71000,2.8894434,-73.783892
217,Colombia,2013,11000,2.8894434,-73.783892
218,Colombia,2014,20000,2.8894434,-73.783892
219,Colombia,2015,4600,2.8894434,-73.783892
220,Colombia,2016,31000,2.8894434,-73.783892
221,Colombia,2017,25000,2.8894434,-73.783892
222,Comoros,2009,,-12.2045176,44.2832964
223,Comoros,2012,11000,-12.2045176,44.2832964
224,Comoros,2014,12000,-12.2045176,44.2832964
225,Comoros,2017,94,-12.2045176,44.2832964
226,Cabo Verde,2014,2500,16.0000552,-24.0083947
227,Cabo Verde,2015,190,16.0000552,-24.0083947
228,Cabo Verde,2016,300,16.0000552,-24.0083947
229,Costa Rica,2008,12000,10.2735633,-84.0739102
230,Costa Rica,2009,2400,10.2735633,-84.0739102
231,Costa Rica,2010,,10.2735633,-84.0739102
232,Costa Rica,2011,2100,10.2735633,-84.0739102
233,Costa Rica,2012,2000,10.2735633,-84.0739102
234,Costa Rica,2013,65,10.2735633,-84.0739102
235,Costa Rica,2015,1100,10.2735633,-84.0739102
236,Costa Rica,2016,5800,10.2735633,-84.0739102
237,Costa Rica,2017,11000,10.2735633,-84.0739102
238,Cuba,2008,1014000,23.0131338,-80.8328748
239,Cuba,2012,352000,23.0131338,-80.8328748
240,Cuba,2015,2000,23.0131338,-80.8328748
241,Cuba,2016,1079000,23.0131338,-80.8328748
242,Cuba,2017,1738000,23.0131338,-80.8328748
243,Cayman Islands,2008,720,19.5417212,-80.5667132
244,Cyprus,2009,,34.9823018,33.1451285
245,Cyprus,2010,,34.9823018,33.1451285
246,Cyprus,2011,,34.9823018,33.1451285
247,Cyprus,2012,,34.9823018,33.1451285
248,Cyprus,2013,,34.9823018,33.1451285
249,Cyprus,2014,,34.9823018,33.1451285
250,Cyprus,2015,,34.9823018,33.1451285
251,Cyprus,2016,40,34.9823018,33.1451285
252,Cyprus,2017,,34.9823018,33.1451285
253,Czech Republic,2009,,49.8167003,15.4749544
254,Czech Republic,2010,,49.8167003,15.4749544
255,Czech Republic,2013,26000,49.8167003,15.4749544
256,Germany,2010,,51.0834196,10.4234469
257,Germany,2011,,51.0834196,10.4234469
258,Germany,2013,53000,51.0834196,10.4234469
259,Germany,2016,2000,51.0834196,10.4234469
260,Germany,2017,220,51.0834196,10.4234469
261,Dominica,2011,96,15.4113138,-61.3653618
262,Dominica,2013,18,15.4113138,-61.3653618
263,Dominica,2015,710,15.4113138,-61.3653618
264,Dominica,2017,35000,15.4113138,-61.3653618
265,Dominican Republic,2008,8900,19.0974031,-70.3028026
266,Dominican Republic,2009,,19.0974031,-70.3028026
267,Dominican Republic,2010,,19.0974031,-70.3028026
268,Dominican Republic,2011,17000,19.0974031,-70.3028026
269,Dominican Republic,2012,43000,19.0974031,-70.3028026
270,Dominican Republic,2013,14000,19.0974031,-70.3028026
271,Dominican Republic,2014,11000,19.0974031,-70.3028026
272,Dominican Republic,2015,28000,19.0974031,-70.3028026
273,Dominican Republic,2016,52000,19.0974031,-70.3028026
274,Dominican Republic,2017,69000,19.0974031,-70.3028026
275,Algeria,2008,25000,28.0000272,2.9999825
276,Algeria,2009,2500,28.0000272,2.9999825
277,Algeria,2010,,28.0000272,2.9999825
278,Algeria,2011,,28.0000272,2.9999825
279,Algeria,2012,,28.0000272,2.9999825
280,Algeria,2013,340,28.0000272,2.9999825
281,Algeria,2014,4500,28.0000272,2.9999825
282,Algeria,2015,19000,28.0000272,2.9999825
283,Algeria,2016,2000,28.0000272,2.9999825
284,Algeria,2017,,28.0000272,2.9999825
285,"Egypt, Arab Rep.",2008,20000,33.7680065,66.2385139
286,"Egypt, Arab Rep.",2010,,33.7680065,66.2385139
287,"Egypt, Arab Rep.",2014,200,33.7680065,66.2385139
288,"Egypt, Arab Rep.",2015,100,33.7680065,66.2385139
289,"Egypt, Arab Rep.",2016,820,33.7680065,66.2385139
290,"Egypt, Arab Rep.",2017,,33.7680065,66.2385139
291,Eritrea,2014,,15.9500319,37.9999668
292,Spain,2010,,39.3262345,-4.8380649
293,Spain,2011,15000,39.3262345,-4.8380649
294,Spain,2012,22000,39.3262345,-4.8380649
295,Spain,2013,2600,39.3262345,-4.8380649
296,Spain,2014,3800,39.3262345,-4.8380649
297,Spain,2015,4100,39.3262345,-4.8380649
298,Spain,2016,5400,39.3262345,-4.8380649
299,Spain,2017,2100,39.3262345,-4.8380649
300,Ethiopia,2008,73000,10.2116702,38.6521203
301,Ethiopia,2009,,10.2116702,38.6521203
302,Ethiopia,2010,10000,10.2116702,38.6521203
303,Ethiopia,2011,,10.2116702,38.6521203
304,Ethiopia,2012,20000,10.2116702,38.6521203
305,Ethiopia,2013,61000,10.2116702,38.6521203
306,Ethiopia,2014,49000,10.2116702,38.6521203
307,Ethiopia,2015,104000,10.2116702,38.6521203
308,Ethiopia,2016,347000,10.2116702,38.6521203
309,Ethiopia,2017,434000,10.2116702,38.6521203
310,Finland,2008,20,63.2467777,25.9209164
311,Finland,2013,30,63.2467777,25.9209164
312,Fiji,2009,13000,-18.1239696,179.0122737
313,Fiji,2010,18000,-18.1239696,179.0122737
314,Fiji,2011,,-18.1239696,179.0122737
315,Fiji,2012,27000,-18.1239696,179.0122737
316,Fiji,2014,800,-18.1239696,179.0122737
317,Fiji,2016,76000,-18.1239696,179.0122737
318,Fiji,2017,370,-18.1239696,179.0122737
319,France,2008,870,46.603354,1.8883335
320,France,2009,,46.603354,1.8883335
321,France,2010,4500,46.603354,1.8883335
322,France,2011,,46.603354,1.8883335
323,France,2013,6700,46.603354,1.8883335
324,France,2014,4100,46.603354,1.8883335
325,France,2015,120,46.603354,1.8883335
326,France,2016,190,46.603354,1.8883335
327,France,2017,21000,46.603354,1.8883335
328,Gabon,2009,800,-0.8999695,11.6899699
329,Gabon,2010,,-0.8999695,11.6899699
330,United Kingdom,2009,,54.7023545,-3.2765753
331,United Kingdom,2012,300,54.7023545,-3.2765753
332,United Kingdom,2013,20000,54.7023545,-3.2765753
333,United Kingdom,2014,620,54.7023545,-3.2765753
334,United Kingdom,2015,6100,54.7023545,-3.2765753
335,United Kingdom,2016,1200,54.7023545,-3.2765753
336,United Kingdom,2017,6200,54.7023545,-3.2765753
337,Georgia,2009,,32.3293809,-83.1137366
338,Georgia,2010,,32.3293809,-83.1137366
339,Georgia,2011,,32.3293809,-83.1137366
340,Georgia,2012,,32.3293809,-83.1137366
341,Georgia,2013,1500,32.3293809,-83.1137366
342,Georgia,2014,120,32.3293809,-83.1137366
343,Georgia,2015,1200,32.3293809,-83.1137366
344,Georgia,2016,,32.3293809,-83.1137366
345,Georgia,2017,,32.3293809,-83.1137366
346,Ghana,2008,14000,8.0300284,-1.0800271
347,Ghana,2009,52000,8.0300284,-1.0800271
348,Ghana,2010,,8.0300284,-1.0800271
349,Ghana,2011,49000,8.0300284,-1.0800271
350,Ghana,2013,31000,8.0300284,-1.0800271
351,Ghana,2015,9300,8.0300284,-1.0800271
352,Ghana,2016,7900,8.0300284,-1.0800271
353,Ghana,2017,23000,8.0300284,-1.0800271
354,Guinea,2008,,10.7226226,-10.7083587
355,Guinea,2009,,10.7226226,-10.7083587
356,Guinea,2010,,10.7226226,-10.7083587
357,Guinea,2011,4500,10.7226226,-10.7083587
358,Guinea,2013,300,10.7226226,-10.7083587
359,Guinea,2015,34000,10.7226226,-10.7083587
360,Guinea,2016,490,10.7226226,-10.7083587
361,Guinea,2017,710,10.7226226,-10.7083587
362,Greece,2009,330,38.9953683,21.9877132
363,Greece,2010,,38.9953683,21.9877132
364,Greece,2013,60,38.9953683,21.9877132
365,Greece,2014,8200,38.9953683,21.9877132
366,Greece,2015,270,38.9953683,21.9877132
367,Greece,2016,2900,38.9953683,21.9877132
368,Greece,2017,800,38.9953683,21.9877132
369,Grenada,2017,150,12.1360374,-61.6904045
370,Greenland,2017,78,71.8171799,-40.42628784
371,Guyana,2008,,4.8417097,-58.6416891
372,Guyana,2017,200,4.8417097,-58.6416891
373,"Hong Kong SAR, China",2008,,39.8871676,8.6026857
374,"Hong Kong SAR, China",2009,,39.8871676,8.6026857
375,"Hong Kong SAR, China",2010,,39.8871676,8.6026857
376,"Hong Kong SAR, China",2016,220,39.8871676,8.6026857
377,"Hong Kong SAR, China",2017,3300,39.8871676,8.6026857
378,Hungary,2008,,47.1817585,19.5060937
379,Hungary,2010,,47.1817585,19.5060937
380,Hungary,2013,1300,47.1817585,19.5060937
381,Hungary,2014,290,47.1817585,19.5060937
382,Hungary,2017,96,47.1817585,19.5060937
383,Indonesia,2008,221000,-4.7993356,114.5632032
384,Indonesia,2009,854000,-4.7993356,114.5632032
385,Indonesia,2010,409000,-4.7993356,114.5632032
386,Indonesia,2011,7400,-4.7993356,114.5632032
387,Indonesia,2012,104000,-4.7993356,114.5632032
388,Indonesia,2013,427000,-4.7993356,114.5632032
389,Indonesia,2014,943000,-4.7993356,114.5632032
390,Indonesia,2015,204000,-4.7993356,114.5632032
391,Indonesia,2016,1246000,-4.7993356,114.5632032
392,Indonesia,2017,365000,-4.7993356,114.5632032
393,India,2008,6662000,22.3511148,78.6677428
394,India,2009,5304000,22.3511148,78.6677428
395,India,2010,1411000,22.3511148,78.6677428
396,India,2011,1503000,22.3511148,78.6677428
397,India,2012,9110000,22.3511148,78.6677428
398,India,2013,2145000,22.3511148,78.6677428
399,India,2014,3428000,22.3511148,78.6677428
400,India,2015,3655000,22.3511148,78.6677428
401,India,2016,2400000,22.3511148,78.6677428
402,India,2017,1346000,22.3511148,78.6677428
403,Ireland,2011,,52.865196,-7.9794599
404,Ireland,2015,1600,52.865196,-7.9794599
405,Ireland,2017,62,52.865196,-7.9794599
406,"Iran, Islamic Rep.",2009,,33.7680065,66.2385139
407,"Iran, Islamic Rep.",2010,3500,33.7680065,66.2385139
408,"Iran, Islamic Rep.",2012,50000,33.7680065,66.2385139
409,"Iran, Islamic Rep.",2013,4700,33.7680065,66.2385139
410,"Iran, Islamic Rep.",2014,12000,33.7680065,66.2385139
411,"Iran, Islamic Rep.",2015,5400,33.7680065,66.2385139
412,"Iran, Islamic Rep.",2016,78,33.7680065,66.2385139
413,"Iran, Islamic Rep.",2017,225000,33.7680065,66.2385139
414,Iraq,2008,600,33.0955793,44.1749775
415,Iraq,2009,,33.0955793,44.1749775
416,Iraq,2010,,33.0955793,44.1749775
417,Iraq,2011,2000,33.0955793,44.1749775
418,Iraq,2012,,33.0955793,44.1749775
419,Iraq,2013,7900,33.0955793,44.1749775
420,Iraq,2014,,33.0955793,44.1749775
421,Iraq,2015,23000,33.0955793,44.1749775
422,Iraq,2016,,33.0955793,44.1749775
423,Iraq,2017,3900,33.0955793,44.1749775
424,Iceland,2017,50,64.9841821,-18.1059013
425,Israel,2009,,30.8760272,35.0015196
426,Israel,2010,,30.8760272,35.0015196
427,Israel,2011,,30.8760272,35.0015196
428,Israel,2012,,30.8760272,35.0015196
429,Israel,2013,200,30.8760272,35.0015196
430,Israel,2014,700,30.8760272,35.0015196
431,Israel,2015,,30.8760272,35.0015196
432,Israel,2016,75000,30.8760272,35.0015196
433,Italy,2009,75000,42.6384261,12.674297
434,Italy,2010,,42.6384261,12.674297
435,Italy,2011,,42.6384261,12.674297
436,Italy,2012,17000,42.6384261,12.674297
437,Italy,2013,3700,42.6384261,12.674297
438,Italy,2014,1600,42.6384261,12.674297
439,Italy,2015,1300,42.6384261,12.674297
440,Italy,2016,31000,42.6384261,12.674297
441,Italy,2017,2100,42.6384261,12.674297
442,Jamaica,2008,1500,18.1850507,-77.3947693
443,Jamaica,2010,,18.1850507,-77.3947693
444,Jamaica,2012,2000,18.1850507,-77.3947693
445,Jamaica,2016,3500,18.1850507,-77.3947693
446,Jamaica,2017,29,18.1850507,-77.3947693
447,Jordan,2013,420,31.1667049,36.941628
448,Jordan,2017,160,31.1667049,36.941628
449,Japan,2008,800,36.5748441,139.2394179
450,Japan,2009,,36.5748441,139.2394179
451,Japan,2010,85000,36.5748441,139.2394179
452,Japan,2011,892000,36.5748441,139.2394179
453,Japan,2012,308000,36.5748441,139.2394179
454,Japan,2013,639000,36.5748441,139.2394179
455,Japan,2014,707000,36.5748441,139.2394179
456,Japan,2015,486000,36.5748441,139.2394179
457,Japan,2016,864000,36.5748441,139.2394179
458,Japan,2017,21000,36.5748441,139.2394179
459,Kazakhstan,2010,5000,47.2286086,65.2093197
460,Kazakhstan,2011,9000,47.2286086,65.2093197
461,Kazakhstan,2012,5100,47.2286086,65.2093197
462,Kazakhstan,2013,330,47.2286086,65.2093197
463,Kazakhstan,2015,19000,47.2286086,65.2093197
464,Kazakhstan,2016,1000,47.2286086,65.2093197
465,Kazakhstan,2017,7100,47.2286086,65.2093197
466,Kenya,2008,10000,1.4419683,38.4313975
467,Kenya,2009,92000,1.4419683,38.4313975
468,Kenya,2010,54000,1.4419683,38.4313975
469,Kenya,2011,19000,1.4419683,38.4313975
470,Kenya,2012,98000,1.4419683,38.4313975
471,Kenya,2013,180000,1.4419683,38.4313975
472,Kenya,2014,1400,1.4419683,38.4313975
473,Kenya,2015,105000,1.4419683,38.4313975
474,Kenya,2016,40000,1.4419683,38.4313975
475,Kenya,2017,35000,1.4419683,38.4313975
476,Cambodia,2009,66000,13.5066394,104.869423
477,Cambodia,2010,32000,13.5066394,104.869423
478,Cambodia,2011,214000,13.5066394,104.869423
479,Cambodia,2013,144000,13.5066394,104.869423
480,Cambodia,2014,151000,13.5066394,104.869423
481,Cambodia,2015,8900,13.5066394,104.869423
482,Cambodia,2016,8300,13.5066394,104.869423
483,Cambodia,2017,15000,13.5066394,104.869423
484,St. Kitts and Nevis,2017,33,17.3462278,-62.7687277
485,"Korea, Rep.",2010,,33.7680065,66.2385139
486,"Korea, Rep.",2011,5500,33.7680065,66.2385139
487,"Korea, Rep.",2013,4200,33.7680065,66.2385139
488,"Korea, Rep.",2016,7500,33.7680065,66.2385139
489,"Korea, Rep.",2017,4300,33.7680065,66.2385139
490,Lebanon,2009,,33.8750629,35.843409
491,Lebanon,2010,,33.8750629,35.843409
492,Lebanon,2011,,33.8750629,35.843409
493,Lebanon,2012,,33.8750629,35.843409
494,Lebanon,2013,,33.8750629,35.843409
495,Lebanon,2014,1300,33.8750629,35.843409
496,Lebanon,2015,110,33.8750629,35.843409
497,Lebanon,2016,,33.8750629,35.843409
498,Lebanon,2017,,33.8750629,35.843409
499,Liberia,2008,1000,5.7499721,-9.3658524
500,Liberia,2009,,5.7499721,-9.3658524
501,Liberia,2010,,5.7499721,-9.3658524
502,Liberia,2011,,5.7499721,-9.3658524
503,Liberia,2012,,5.7499721,-9.3658524
504,Liberia,2013,,5.7499721,-9.3658524
505,Liberia,2014,650,5.7499721,-9.3658524
506,Liberia,2016,10000,5.7499721,-9.3658524
507,Liberia,2017,970,5.7499721,-9.3658524
508,Libya,2011,,26.8234472,18.1236723
509,Libya,2012,,26.8234472,18.1236723
510,Libya,2013,3000,26.8234472,18.1236723
511,Libya,2014,,26.8234472,18.1236723
512,Libya,2015,,26.8234472,18.1236723
513,Libya,2016,,26.8234472,18.1236723
514,Libya,2017,,26.8234472,18.1236723
515,Sri Lanka,2008,525000,7.5554942,80.7137847
516,Sri Lanka,2009,363000,7.5554942,80.7137847
517,Sri Lanka,2010,141000,7.5554942,80.7137847
518,Sri Lanka,2011,685000,7.5554942,80.7137847
519,Sri Lanka,2012,129000,7.5554942,80.7137847
520,Sri Lanka,2013,324000,7.5554942,80.7137847
521,Sri Lanka,2014,152000,7.5554942,80.7137847
522,Sri Lanka,2015,66000,7.5554942,80.7137847
523,Sri Lanka,2016,500000,7.5554942,80.7137847
524,Sri Lanka,2017,135000,7.5554942,80.7137847
525,Lithuania,2010,,55.3500003,23.7499997
526,Morocco,2008,5000,31.1728205,-7.3362482
527,Morocco,2009,,31.1728205,-7.3362482
528,Morocco,2010,15000,31.1728205,-7.3362482
529,Morocco,2012,580,31.1728205,-7.3362482
530,Morocco,2014,1700,31.1728205,-7.3362482
531,Moldova,2008,200,47.286747,28.5110236
532,Moldova,2010,,47.286747,28.5110236
533,Madagascar,2008,194000,-18.9249604,46.4416422
534,Madagascar,2009,8100,-18.9249604,46.4416422
535,Madagascar,2010,38000,-18.9249604,46.4416422
536,Madagascar,2011,26000,-18.9249604,46.4416422
537,Madagascar,2012,268000,-18.9249604,46.4416422
538,Madagascar,2013,20000,-18.9249604,46.4416422
539,Madagascar,2014,2800,-18.9249604,46.4416422
540,Madagascar,2015,87000,-18.9249604,46.4416422
541,Madagascar,2016,51000,-18.9249604,46.4416422
542,Madagascar,2017,248000,-18.9249604,46.4416422
543,Maldives,2017,76,4.7064352,73.3287853
544,Mexico,2008,13000,19.4326009,-99.1333416
545,Mexico,2009,375000,19.4326009,-99.1333416
546,Mexico,2010,900000,19.4326009,-99.1333416
547,Mexico,2011,547000,19.4326009,-99.1333416
548,Mexico,2012,6500,19.4326009,-99.1333416
549,Mexico,2013,158000,19.4326009,-99.1333416
550,Mexico,2014,18000,19.4326009,-99.1333416
551,Mexico,2015,91000,19.4326009,-99.1333416
552,Mexico,2016,12000,19.4326009,-99.1333416
553,Mexico,2017,195000,19.4326009,-99.1333416
554,Mali,2008,2500,16.3700359,-2.2900239
555,Mali,2009,,16.3700359,-2.2900239
556,Mali,2010,5800,16.3700359,-2.2900239
557,Mali,2011,18000,16.3700359,-2.2900239
558,Mali,2012,9000,16.3700359,-2.2900239
559,Mali,2013,24000,16.3700359,-2.2900239
560,Mali,2014,,16.3700359,-2.2900239
561,Mali,2015,400,16.3700359,-2.2900239
562,Mali,2016,8000,16.3700359,-2.2900239
563,Mali,2017,6800,16.3700359,-2.2900239
564,Myanmar,2008,2250000,17.1750495,95.9999652
565,Myanmar,2009,2500,17.1750495,95.9999652
566,Myanmar,2010,106000,17.1750495,95.9999652
567,Myanmar,2011,13000,17.1750495,95.9999652
568,Myanmar,2012,74000,17.1750495,95.9999652
569,Myanmar,2013,223000,17.1750495,95.9999652
570,Myanmar,2014,81000,17.1750495,95.9999652
571,Myanmar,2015,1618000,17.1750495,95.9999652
572,Myanmar,2016,509000,17.1750495,95.9999652
573,Myanmar,2017,351000,17.1750495,95.9999652
574,Mongolia,2009,22000,46.8250388,103.8499736
575,Mongolia,2015,810,46.8250388,103.8499736
576,Mozambique,2008,143000,-19.302233,34.9144977
577,Mozambique,2009,7300,-19.302233,34.9144977
578,Mozambique,2010,130000,-19.302233,34.9144977
579,Mozambique,2011,22000,-19.302233,34.9144977
580,Mozambique,2012,10000,-19.302233,34.9144977
581,Mozambique,2013,186000,-19.302233,34.9144977
582,Mozambique,2014,21000,-19.302233,34.9144977
583,Mozambique,2015,61000,-19.302233,34.9144977
584,Mozambique,2016,7000,-19.302233,34.9144977
585,Mozambique,2017,170000,-19.302233,34.9144977
586,Mauritania,2011,,14.4750607,-14.4529612
587,Mauritius,2015,1400,-20.2759451,57.5703566
588,Mauritius,2016,300,-20.2759451,57.5703566
589,Mauritius,2017,100,-20.2759451,57.5703566
590,Malawi,2009,21000,-13.2687204,33.9301963
591,Malawi,2010,,-13.2687204,33.9301963
592,Malawi,2011,25000,-13.2687204,33.9301963
593,Malawi,2012,6200,-13.2687204,33.9301963
594,Malawi,2013,33000,-13.2687204,33.9301963
595,Malawi,2014,600,-13.2687204,33.9301963
596,Malawi,2015,343000,-13.2687204,33.9301963
597,Malawi,2016,9500,-13.2687204,33.9301963
598,Malawi,2017,84000,-13.2687204,33.9301963
599,Malaysia,2008,4000,2.3923759,112.8471939
600,Malaysia,2009,,2.3923759,112.8471939
601,Malaysia,2010,65000,2.3923759,112.8471939
602,Malaysia,2011,24000,2.3923759,112.8471939
603,Malaysia,2012,22000,2.3923759,112.8471939
604,Malaysia,2013,43000,2.3923759,112.8471939
605,Malaysia,2014,256000,2.3923759,112.8471939
606,Malaysia,2015,21000,2.3923759,112.8471939
607,Malaysia,2016,18000,2.3923759,112.8471939
608,Malaysia,2017,82000,2.3923759,112.8471939
609,Namibia,2008,,-23.2335499,17.3231107
610,Namibia,2009,55000,-23.2335499,17.3231107
611,Namibia,2010,11000,-23.2335499,17.3231107
612,Namibia,2011,60000,-23.2335499,17.3231107
613,Namibia,2012,400,-23.2335499,17.3231107
614,Namibia,2013,18000,-23.2335499,17.3231107
615,Namibia,2014,160,-23.2335499,17.3231107
616,Namibia,2015,8,-23.2335499,17.3231107
617,Namibia,2017,3400,-23.2335499,17.3231107
618,Nigeria,2009,140000,9.6000359,7.9999721
619,Nigeria,2010,560000,9.6000359,7.9999721
620,Nigeria,2011,6300,9.6000359,7.9999721
621,Nigeria,2012,6112000,9.6000359,7.9999721
622,Nigeria,2013,117000,9.6000359,7.9999721
623,Nigeria,2014,3000,9.6000359,7.9999721
624,Nigeria,2015,100000,9.6000359,7.9999721
625,Nigeria,2016,78000,9.6000359,7.9999721
626,Nigeria,2017,122000,9.6000359,7.9999721
627,Norway,2011,,64.5731537,11.52803644
628,Norway,2014,680,64.5731537,11.52803644
629,Norway,2015,220,64.5731537,11.52803644
630,Norway,2016,260,64.5731537,11.52803644
631,Norway,2017,220,64.5731537,11.52803644
632,Nepal,2008,250000,28.1083929,84.0917139
633,Nepal,2009,18000,28.1083929,84.0917139
634,Nepal,2010,,28.1083929,84.0917139
635,Nepal,2011,46000,28.1083929,84.0917139
636,Nepal,2012,600,28.1083929,84.0917139
637,Nepal,2013,12000,28.1083929,84.0917139
638,Nepal,2014,74000,28.1083929,84.0917139
639,Nepal,2015,2623000,28.1083929,84.0917139
640,Nepal,2016,31000,28.1083929,84.0917139
641,Nepal,2017,384000,28.1083929,84.0917139
642,New Zealand,2010,250,-41.5000831,172.8344077
643,New Zealand,2011,2300,-41.5000831,172.8344077
644,New Zealand,2012,450,-41.5000831,172.8344077
645,New Zealand,2013,210,-41.5000831,172.8344077
646,New Zealand,2015,440,-41.5000831,172.8344077
647,New Zealand,2016,1800,-41.5000831,172.8344077
648,New Zealand,2017,6300,-41.5000831,172.8344077
649,Oman,2010,,21.0000287,57.0036901
650,Oman,2011,,21.0000287,57.0036901
651,Oman,2013,350,21.0000287,57.0036901
652,Oman,2017,320,21.0000287,57.0036901
653,Pakistan,2008,89000,30.3308401,71.247499
654,Pakistan,2009,84000,30.3308401,71.247499
655,Pakistan,2010,11060000,30.3308401,71.247499
656,Pakistan,2011,300000,30.3308401,71.247499
657,Pakistan,2012,1857000,30.3308401,71.247499
658,Pakistan,2013,407000,30.3308401,71.247499
659,Pakistan,2014,771000,30.3308401,71.247499
660,Pakistan,2015,1002000,30.3308401,71.247499
661,Pakistan,2016,13000,30.3308401,71.247499
662,Pakistan,2017,1800,30.3308401,71.247499
663,Panama,2008,,8.3096067,-81.3066246
664,Panama,2009,,8.3096067,-81.3066246
665,Panama,2010,,8.3096067,-81.3066246
666,Panama,2011,,8.3096067,-81.3066246
667,Panama,2012,3400,8.3096067,-81.3066246
668,Panama,2013,1700,8.3096067,-81.3066246
669,Panama,2014,320,8.3096067,-81.3066246
670,Panama,2015,100,8.3096067,-81.3066246
671,Panama,2016,1100,8.3096067,-81.3066246
672,Panama,2017,300,8.3096067,-81.3066246
673,Peru,2008,45000,-6.8699697,-75.0458515
674,Peru,2009,46000,-6.8699697,-75.0458515
675,Peru,2010,10000,-6.8699697,-75.0458515
676,Peru,2011,2700,-6.8699697,-75.0458515
677,Peru,2012,184000,-6.8699697,-75.0458515
678,Peru,2013,28000,-6.8699697,-75.0458515
679,Peru,2014,950,-6.8699697,-75.0458515
680,Peru,2015,8400,-6.8699697,-75.0458515
681,Peru,2016,17000,-6.8699697,-75.0458515
682,Peru,2017,295000,-6.8699697,-75.0458515
683,Philippines,2008,2757000,12.7503486,122.7312101
684,Philippines,2009,2062000,12.7503486,122.7312101
685,Philippines,2010,1002000,12.7503486,122.7312101
686,Philippines,2011,2499000,12.7503486,122.7312101
687,Philippines,2012,3859000,12.7503486,122.7312101
688,Philippines,2013,7022000,12.7503486,122.7312101
689,Philippines,2014,5787000,12.7503486,122.7312101
690,Philippines,2015,2221000,12.7503486,122.7312101
691,Philippines,2016,5930000,12.7503486,122.7312101
692,Philippines,2017,2529000,12.7503486,122.7312101
693,Papua New Guinea,2008,75000,-5.6816069,144.2489081
694,Papua New Guinea,2009,1000,-5.6816069,144.2489081
695,Papua New Guinea,2010,,-5.6816069,144.2489081
696,Papua New Guinea,2011,,-5.6816069,144.2489081
697,Papua New Guinea,2012,75000,-5.6816069,144.2489081
698,Papua New Guinea,2013,46,-5.6816069,144.2489081
699,Papua New Guinea,2014,21000,-5.6816069,144.2489081
700,Papua New Guinea,2015,,-5.6816069,144.2489081
701,Papua New Guinea,2016,1600,-5.6816069,144.2489081
702,Papua New Guinea,2017,1400,-5.6816069,144.2489081
703,Poland,2009,,52.0977181,19.0258159
704,Poland,2010,30000,52.0977181,19.0258159
705,Puerto Rico,2017,86000,18.22141715,-66.41328185
706,"Korea, Dem. Rep.",2010,28000,33.7680065,66.2385139
707,"Korea, Dem. Rep.",2011,25000,33.7680065,66.2385139
708,"Korea, Dem. Rep.",2012,232000,33.7680065,66.2385139
709,"Korea, Dem. Rep.",2013,82000,33.7680065,66.2385139
710,"Korea, Dem. Rep.",2015,6000,33.7680065,66.2385139
711,"Korea, Dem. Rep.",2016,107000,33.7680065,66.2385139
712,Portugal,2008,38,40.033265,-7.8896263
713,Portugal,2010,,40.033265,-7.8896263
714,Portugal,2015,10,40.033265,-7.8896263
715,Portugal,2016,1100,40.033265,-7.8896263
716,Portugal,2017,6800,40.033265,-7.8896263
717,Paraguay,2008,60,-23.3165935,-58.1693445
718,Paraguay,2009,,-23.3165935,-58.1693445
719,Paraguay,2010,,-23.3165935,-58.1693445
720,Paraguay,2012,,-23.3165935,-58.1693445
721,Paraguay,2013,28000,-23.3165935,-58.1693445
722,Paraguay,2014,84000,-23.3165935,-58.1693445
723,Paraguay,2015,171000,-23.3165935,-58.1693445
724,Paraguay,2016,3600,-23.3165935,-58.1693445
725,Paraguay,2017,5200,-23.3165935,-58.1693445
726,Palestine,2009,,30.8760272,35.0015196
727,Palestine,2010,500,30.8760272,35.0015196
728,Palestine,2011,,30.8760272,35.0015196
729,Palestine,2012,1200,30.8760272,35.0015196
730,Palestine,2013,11000,30.8760272,35.0015196
731,Palestine,2014,200,30.8760272,35.0015196
732,Palestine,2015,10000,30.8760272,35.0015196
733,Palestine,2016,510,30.8760272,35.0015196
734,Palestine,2017,77,30.8760272,35.0015196
735,French Polynesia,2010,3500,-18.6243749,-144.6434898
736,French Polynesia,2017,1100,-18.6243749,-144.6434898
737,Romania,2008,11000,45.9852129,24.6859225
738,Romania,2009,,45.9852129,24.6859225
739,Romania,2010,,45.9852129,24.6859225
740,Romania,2014,2200,45.9852129,24.6859225
741,Romania,2015,160,45.9852129,24.6859225
742,Romania,2016,1500,45.9852129,24.6859225
743,Russian Federation,2009,,64.6863136,97.7453061
744,Russian Federation,2010,23000,64.6863136,97.7453061
745,Russian Federation,2011,3500,64.6863136,97.7453061
746,Russian Federation,2012,32000,64.6863136,97.7453061
747,Russian Federation,2013,29000,64.6863136,97.7453061
748,Russian Federation,2014,23000,64.6863136,97.7453061
749,Russian Federation,2015,6600,64.6863136,97.7453061
750,Russian Federation,2016,3600,64.6863136,97.7453061
751,Russian Federation,2017,5900,64.6863136,97.7453061
752,Saudi Arabia,2009,10000,25.6242618,42.3528328
753,Saudi Arabia,2010,,25.6242618,42.3528328
754,Saudi Arabia,2011,,25.6242618,42.3528328
755,Saudi Arabia,2012,,25.6242618,42.3528328
756,Saudi Arabia,2013,4700,25.6242618,42.3528328
757,Saudi Arabia,2016,280,25.6242618,42.3528328
758,Saudi Arabia,2017,100,25.6242618,42.3528328
759,Sudan,2008,47000,14.5844444,29.4917691
760,Sudan,2009,80000,14.5844444,29.4917691
761,Sudan,2010,20000,14.5844444,29.4917691
762,Sudan,2011,19000,14.5844444,29.4917691
763,Sudan,2012,84000,14.5844444,29.4917691
764,Sudan,2013,284000,14.5844444,29.4917691
765,Sudan,2014,187000,14.5844444,29.4917691
766,Sudan,2015,8300,14.5844444,29.4917691
767,Sudan,2016,123000,14.5844444,29.4917691
768,Sudan,2017,54000,14.5844444,29.4917691
769,Senegal,2009,264000,14.4750607,-14.4529612
770,Somalia,2008,12000,8.3676771,49.083416
771,Somalia,2009,,8.3676771,49.083416
772,Somalia,2010,5200,8.3676771,49.083416
773,Somalia,2011,,8.3676771,49.083416
774,Somalia,2012,28000,8.3676771,49.083416
775,Somalia,2013,60000,8.3676771,49.083416
776,Somalia,2014,36000,8.3676771,49.083416
777,Somalia,2015,59000,8.3676771,49.083416
778,Somalia,2016,70000,8.3676771,49.083416
779,Somalia,2017,899000,8.3676771,49.083416
780,Serbia,2009,,44.1534121,20.55144
781,Serbia,2010,4500,44.1534121,20.55144
782,Serbia,2011,,44.1534121,20.55144
783,Serbia,2012,,44.1534121,20.55144
784,Serbia,2013,190,44.1534121,20.55144
785,Serbia,2014,33000,44.1534121,20.55144
786,Serbia,2016,39,44.1534121,20.55144
787,Serbia,2017,42,44.1534121,20.55144
788,South Sudan,2011,,7.8699431,29.6667897
789,South Sudan,2012,340000,7.8699431,29.6667897
790,South Sudan,2013,116000,7.8699431,29.6667897
791,South Sudan,2014,112000,7.8699431,29.6667897
792,South Sudan,2015,15000,7.8699431,29.6667897
793,South Sudan,2016,,7.8699431,29.6667897
794,South Sudan,2017,75000,7.8699431,29.6667897
795,Syrian Arab Republic,2009,,34.6401861,39.0494106
796,Syrian Arab Republic,2010,,34.6401861,39.0494106
797,Syrian Arab Republic,2011,,34.6401861,39.0494106
798,Syrian Arab Republic,2012,,34.6401861,39.0494106
799,Syrian Arab Republic,2013,,34.6401861,39.0494106
800,Syrian Arab Republic,2014,2300,34.6401861,39.0494106
801,Syrian Arab Republic,2015,,34.6401861,39.0494106
802,Syrian Arab Republic,2016,,34.6401861,39.0494106
803,Syrian Arab Republic,2017,2300,34.6401861,39.0494106
804,Chad,2008,10000,15.6134137,19.0156172
805,Chad,2009,5800,15.6134137,19.0156172
806,Chad,2010,70000,15.6134137,19.0156172
807,Chad,2011,,15.6134137,19.0156172
808,Chad,2012,500000,15.6134137,19.0156172
809,Chad,2013,88000,15.6134137,19.0156172
810,Chad,2014,9900,15.6134137,19.0156172
811,Chad,2015,,15.6134137,19.0156172
812,Chad,2016,5700,15.6134137,19.0156172
813,Chad,2017,,15.6134137,19.0156172
814,Thailand,2008,203000,14.8971921,100.83273
815,Thailand,2009,68000,14.8971921,100.83273
816,Thailand,2010,1000000,14.8971921,100.83273
817,Thailand,2011,1645000,14.8971921,100.83273
818,Thailand,2012,3400,14.8971921,100.83273
819,Thailand,2013,13000,14.8971921,100.83273
820,Thailand,2014,27000,14.8971921,100.83273
821,Thailand,2015,240,14.8971921,100.83273
822,Thailand,2016,90000,14.8971921,100.83273
823,Thailand,2017,50000,14.8971921,100.83273
824,Tajikistan,2008,,38.6281733,70.8156541
825,Tajikistan,2009,,38.6281733,70.8156541
826,Tajikistan,2010,2000,38.6281733,70.8156541
827,Tajikistan,2011,,38.6281733,70.8156541
828,Tajikistan,2012,6400,38.6281733,70.8156541
829,Tajikistan,2013,660,38.6281733,70.8156541
830,Tajikistan,2014,460,38.6281733,70.8156541
831,Tajikistan,2015,11000,38.6281733,70.8156541
832,Tajikistan,2016,2400,38.6281733,70.8156541
833,Tajikistan,2017,4700,38.6281733,70.8156541
834,Turkmenistan,2009,,39.3763807,59.3924609
835,Turkmenistan,2010,,39.3763807,59.3924609
836,Turkmenistan,2011,,39.3763807,59.3924609
837,Turkmenistan,2012,,39.3763807,59.3924609
838,Turkmenistan,2013,,39.3763807,59.3924609
839,Turkmenistan,2014,,39.3763807,59.3924609
840,Turkey,2008,300,38.9597594,34.9249653
841,Turkey,2009,20000,38.9597594,34.9249653
842,Turkey,2010,200,38.9597594,34.9249653
843,Turkey,2011,252000,38.9597594,34.9249653
844,Turkey,2012,,38.9597594,34.9249653
845,Turkey,2013,,38.9597594,34.9249653
846,Turkey,2014,480,38.9597594,34.9249653
847,Turkey,2015,1500,38.9597594,34.9249653
848,Turkey,2016,200,38.9597594,34.9249653
849,Turkey,2017,,38.9597594,34.9249653
850,"Taiwan, China",2009,25000,23.9739374,120.9820179
851,"Taiwan, China",2010,,23.9739374,120.9820179
852,"Taiwan, China",2012,6000,23.9739374,120.9820179
853,"Taiwan, China",2013,22000,23.9739374,120.9820179
854,"Taiwan, China",2014,9400,23.9739374,120.9820179
855,"Taiwan, China",2015,27000,23.9739374,120.9820179
856,"Taiwan, China",2016,45000,23.9739374,120.9820179
857,"Taiwan, China",2017,20000,23.9739374,120.9820179
858,Tanzania,2008,2400,-6.5247123,35.7878438
859,Tanzania,2009,11000,-6.5247123,35.7878438
860,Tanzania,2011,22000,-6.5247123,35.7878438
861,Tanzania,2012,10000,-6.5247123,35.7878438
862,Tanzania,2014,14000,-6.5247123,35.7878438
863,Tanzania,2015,3500,-6.5247123,35.7878438
864,Tanzania,2016,36000,-6.5247123,35.7878438
865,Tanzania,2017,1900,-6.5247123,35.7878438
866,Uganda,2008,15000,1.5333554,32.2166578
867,Uganda,2009,,1.5333554,32.2166578
868,Uganda,2010,,1.5333554,32.2166578
869,Uganda,2011,6400,1.5333554,32.2166578
870,Uganda,2012,220,1.5333554,32.2166578
871,Uganda,2013,30000,1.5333554,32.2166578
872,Uganda,2014,50000,1.5333554,32.2166578
873,Uganda,2015,600,1.5333554,32.2166578
874,Uganda,2016,2500,1.5333554,32.2166578
875,Uganda,2017,95000,1.5333554,32.2166578
876,Ukraine,2008,25000,49.4871968,31.2718321
877,Ukraine,2010,,49.4871968,31.2718321
878,Ukraine,2012,,49.4871968,31.2718321
879,Ukraine,2013,600,49.4871968,31.2718321
880,Ukraine,2014,,49.4871968,31.2718321
881,Ukraine,2015,,49.4871968,31.2718321
882,Ukraine,2016,130,49.4871968,31.2718321
883,Ukraine,2017,,49.4871968,31.2718321
884,Uruguay,2009,,-32.8755548,-56.0201525
885,Uruguay,2010,,-32.8755548,-56.0201525
886,Uruguay,2013,1000,-32.8755548,-56.0201525
887,Uruguay,2014,4900,-32.8755548,-56.0201525
888,Uruguay,2015,24000,-32.8755548,-56.0201525
889,Uruguay,2016,12000,-32.8755548,-56.0201525
890,Uruguay,2017,9100,-32.8755548,-56.0201525
891,United States,2008,2020000,39.7837304,-100.4458825
892,United States,2009,1300,39.7837304,-100.4458825
893,United States,2010,,39.7837304,-100.4458825
894,United States,2011,52000,39.7837304,-100.4458825
895,United States,2012,901000,39.7837304,-100.4458825
896,United States,2013,188000,39.7837304,-100.4458825
897,United States,2014,34000,39.7837304,-100.4458825
898,United States,2015,63000,39.7837304,-100.4458825
899,United States,2016,1107000,39.7837304,-100.4458825
900,United States,2017,1686000,39.7837304,-100.4458825
901,Uzbekistan,2009,,41.32373,63.9528098
902,Uzbekistan,2010,,41.32373,63.9528098
903,Uzbekistan,2011,,41.32373,63.9528098
904,Uzbekistan,2012,,41.32373,63.9528098
905,Uzbekistan,2013,,41.32373,63.9528098
906,Uzbekistan,2014,,41.32373,63.9528098
907,"Venezuela, RB",2008,4700,9.7887018,-63.1982373
908,"Venezuela, RB",2010,102000,9.7887018,-63.1982373
909,"Venezuela, RB",2011,,9.7887018,-63.1982373
910,"Venezuela, RB",2012,1000,9.7887018,-63.1982373
911,"Venezuela, RB",2015,45000,9.7887018,-63.1982373
912,"Venezuela, RB",2016,230,9.7887018,-63.1982373
913,"Venezuela, RB",2017,2100,9.7887018,-63.1982373
914,Virgin Islands (U.S.),2017,2300,33.7680065,66.2385139
915,Vietnam,2008,106000,13.2904027,108.4265113
916,Vietnam,2009,187000,13.2904027,108.4265113
917,Vietnam,2010,442000,13.2904027,108.4265113
918,Vietnam,2011,230000,13.2904027,108.4265113
919,Vietnam,2012,15000,13.2904027,108.4265113
920,Vietnam,2013,1040000,13.2904027,108.4265113
921,Vietnam,2014,68000,13.2904027,108.4265113
922,Vietnam,2015,9600,13.2904027,108.4265113
923,Vietnam,2016,81000,13.2904027,108.4265113
924,Vietnam,2017,633000,13.2904027,108.4265113
925,"Yemen, Rep.",2008,22000,33.7680065,66.2385139
926,"Yemen, Rep.",2009,,33.7680065,66.2385139
927,"Yemen, Rep.",2010,1000,33.7680065,66.2385139
928,"Yemen, Rep.",2011,,33.7680065,66.2385139
929,"Yemen, Rep.",2012,,33.7680065,66.2385139
930,"Yemen, Rep.",2013,10000,33.7680065,66.2385139
931,"Yemen, Rep.",2014,,33.7680065,66.2385139
932,"Yemen, Rep.",2015,83000,33.7680065,66.2385139
933,"Yemen, Rep.",2016,45000,33.7680065,66.2385139
934,"Yemen, Rep.",2017,13,33.7680065,66.2385139
935,South Africa,2008,3500,-28.8166236,24.991639
936,South Africa,2009,20000,-28.8166236,24.991639
937,South Africa,2010,6000,-28.8166236,24.991639
938,South Africa,2011,52000,-28.8166236,24.991639
939,South Africa,2012,2000,-28.8166236,24.991639
940,South Africa,2013,18000,-28.8166236,24.991639
941,South Africa,2014,3500,-28.8166236,24.991639
942,South Africa,2015,14,-28.8166236,24.991639
943,South Africa,2016,12000,-28.8166236,24.991639
944,South Africa,2017,15000,-28.8166236,24.991639
945,Zambia,2008,5800,-14.5186239,27.5599164
946,Zambia,2009,54000,-14.5186239,27.5599164
947,Zambia,2010,150,-14.5186239,27.5599164
948,Zambia,2011,,-14.5186239,27.5599164
949,Zambia,2013,5500,-14.5186239,27.5599164
950,Zambia,2014,26000,-14.5186239,27.5599164
951,Zambia,2015,25,-14.5186239,27.5599164
952,Zambia,2017,2800,-14.5186239,27.5599164
953,Zimbabwe,2009,,-18.4554963,29.7468414
954,Zimbabwe,2010,,-18.4554963,29.7468414
955,Zimbabwe,2011,,-18.4554963,29.7468414
956,Zimbabwe,2012,,-18.4554963,29.7468414
957,Zimbabwe,2013,44000,-18.4554963,29.7468414
958,Zimbabwe,2014,23000,-18.4554963,29.7468414
959,Zimbabwe,2015,800,-18.4554963,29.7468414
960,Zimbabwe,2016,400,-18.4554963,29.7468414
961,Zimbabwe,2017,10000,-18.4554963,29.7468414
